Workbook

Sheet Fe60Ni20Cr20
B1: Bottom | C1: Middle | D1: Top
A2: 00:00:00 | B2: 929.849 | C2: 939.784 | D2: 945.789
A3: 00:00:01 | B3: 921.608 | C3: 929.619 | D3: 927.112
A4: 00:00:02 | B4: 916.033 | C4: 924.293 | D4: 918.14
A5: 00:00:03 | B5: 911.431 | C5: 918.848 | D5: 909.05
A6: 00:00:04 | B6: 902.721 | C6: 910.005 | D6: 894.663
A7: 00:00:05 | B7: 884.7 | C7: 894.551 | D7: 874.052
A8: 00:00:06 | B8: 876.308 | C8: 889.459 | D8: 867.269
A9: 00:00:07 | B9: 868.34 | C9: 883.693 | D9: 858.47
A10: 00:00:08 | B10: 864.429 | C10: 880.529 | D10: 856.624
A11: 00:00:09 | B11: 858.946 | C11: 874.359 | D11: 852.949
A12: 00:00:10 | B12: 855.565 | C12: 848.474 | D12: 849.879
A13: 00:00:11 | B13: 850.066 | C13: 869.164 | D13: 844.216
... A2748: 00:45:46 | B2748: 20.591 | C2748: 21.231 | D2748: 21.39

Sheet Fe34Ni33Cr33
B1: Bottom | C1: Middle | D1: Top
A2: 0 | B2: 926.731 | C2: 935.986 | D2: 936.197
A3: 1.1574074e-05 | B3: 922.328 | C3: 928.42 | D3: 926.353
A4: 2.3148148e-05 | B4: 915.676 | C4: 921.274 | D4: 915.609
A5: 3.4722222e-05 | B5: 911.916 | C5: 917.185 | D5: 910.183
A6: 4.6296296e-05 | B6: 907.424 | C6: 912.466 | D6: 903.723
A7: 5.787037e-05 | B7: 904.508 | C7: 909.565 | D7: 899.305
A8: 6.9444444e-05 | B8: 897.723 | C8: 902.612 | D8: 890.73
A9: 8.1018519e-05 | B9: 886.948 | C9: 895.762 | D9: 881.281
A10: 9.2592593e-05 | B10: 876.703 | C10: 888.314 | D10: 872.488
A11: 0.00010416667 | B11: 870.385 | C11: 884.127 | D11: 867.849
A12: 0.00011574074 | B12: 860.493 | C12: 878.171 | D12: 862.856
A13: 0.00012731481 | B13: 852.044 | C13: 870.415 | D13: 865.512
... A3214: 0.037175926 | B3214: 20.893 | C3214: 21.577 | D3214: 22.041

Sheet Fe20Ni50Cr30
B1: Bottom | C1: Middle | D1: Top
A2: 0 | B2: 927.282 | C2: 934.089 | D2: 939.596
A3: 1.1574074e-05 | B3: 926.985 | C3: 933.23 | D3: 938.966
A4: 2.3148148e-05 | B4: 921.777 | C4: 919.642 | D4: 927.986
A5: 3.4722222e-05 | B5: 915.606 | C5: 906.417 | D5: 912.292
A6: 4.6296296e-05 | B6: 911.573 | C6: 897.646 | D6: 900.562
A7: 5.787037e-05 | B7: 908.964 | C7: 890.621 | D7: 891.353
A8: 6.9444444e-05 | B8: 906.118 | C8: 884.407 | D8: 880.521
A9: 8.1018519e-05 | B9: 899.43 | C9: 874.42 | D9: 875.4
A10: 9.2592593e-05 | B10: 885.345 | C10: 856.019 | D10: 862.578
A11: 0.00010416667 | B11: 874.081 | C11: 846.654 | D11: 849.4
A12: 0.00011574074 | B12: 866.883 | C12: 843.403 | D12: 845.333
A13: 0.00012731481 | B13: 861.886 | C13: 839.216 | D13: 840.258
... A2927: 0.033854167 | B2927: 17.106 | C2927: 20.814 | D2927: 22.492

Sheet Calculation_of_cooling_rates
A2: Alloy | B2: Region | C2: Initial T,ºC | D2: Final T, ºC | E2: Initial T, K | F2: Final T, K | G2: DeltaT, K | H2: Time of cooling | I2: Delta tau, s | J2: Average cooling rate, K/s | K2: Note
A3: Fe60Ni20Cr20 | B3: Bottom | C3: =Fe60Ni20Cr20!B2 -> 929.849 | D3: =Fe60Ni20Cr20!B22 -> 129.851 | E3: =C3+273 -> 1202.849 | F3: =D3+273 -> 402.851 | G3: =C3-D3 -> 799.998 | H3: =Fe60Ni20Cr20!A22-Fe60Ni20Cr20!A3 -> 0.00021990741 | I3: =H3*86400 -> 19 | J3: =G3/I3 -> 42.105158 | K3: These are the cooling rates for all regions in the temperature range between 1200 K and 400 K.
B4: Middle | C4: =Fe60Ni20Cr20!C3 -> 929.619 | D4: =Fe60Ni20Cr20!C591 -> 126.513 | E4: =C4+273 -> 1202.619 | F4: =D4+273 -> 399.513 | G4: =C4-D4 -> 803.106 | H4: =Fe60Ni20Cr20!A591-Fe60Ni20Cr20!A3 -> 0.0068055556 | I4: =H4*86400 -> 588 | J4: =G4/I4 -> 1.3658265
B5: Top | C5: =Fe60Ni20Cr20!D3 -> 927.112 | D5: =Fe60Ni20Cr20!D983 -> 127.211 | E5: =C5+273 -> 1200.112 | F5: =D5+273 -> 400.211 | G5: =C5-D5 -> 799.901 | H5: =Fe60Ni20Cr20!A983-Fe60Ni20Cr20!A3 -> 0.011342593 | I5: =H5*86400 -> 980 | J5: =G5/I5 -> 0.81622551
A6: Fe34Ni33Cr33 | B6: Bottom | C6: =Fe34Ni33Cr33!B2 -> 926.731 | D6: =Fe34Ni33Cr33!B23 -> 150.177 | E6: =C6+273 -> 1199.731 | F6: =D6+273 -> 423.177 | G6: =C6-D6 -> 776.554 | H6: =Fe34Ni33Cr33!A23-Fe34Ni33Cr33!A2 -> 0.00024305556 | I6: =H6*86400 -> 21 | J6: =G6/I6 -> 36.978762
B7: Middle | C7: =Fe34Ni33Cr33!C3 -> 928.42 | D7: =Fe34Ni33Cr33!C892 -> 127.096 | E7: =C7+273 -> 1201.42 | F7: =D7+273 -> 400.096 | G7: =C7-D7 -> 801.324 | H7: =Fe34Ni33Cr33!A892-Fe34Ni33Cr33!A2 -> 0.010300926 | I7: =H7*86400 -> 890 | J7: =G7/I7 -> 0.90036404
B8: Top | C8: =Fe34Ni33Cr33!D3 -> 926.353 | D8: =Fe34Ni33Cr33!D939 -> 127.243 | E8: =C8+273 -> 1199.353 | F8: =D8+273 -> 400.243 | G8: =C8-D8 -> 799.11 | H8: =Fe34Ni33Cr33!A978-Fe34Ni33Cr33!A2 -> 0.011296296 | I8: =H8*86400 -> 976 | J8: =G8/I8 -> 0.81876025
A9: Fe20Ni50Cr30 | B9: Bottom | C9: =Fe20Ni50Cr30!B2 -> 927.282 | D9: =Fe20Ni50Cr30!B20 -> 120.056 | E9: =C9+273 -> 1200.282 | F9: =D9+273 -> 393.056 | G9: =C9-D9 -> 807.226 | H9: =Fe20Ni50Cr30!A20-Fe20Ni50Cr30!A2 -> 0.00020833333 | I9: =H9*86400 -> 18 | J9: =G9/I9 -> 44.845889
B10: Middle | C10: =Fe20Ni50Cr30!C2 -> 934.089 | D10: =Fe20Ni50Cr30!C863 -> 127.06 | E10: =C10+273 -> 1207.089 | F10: =D10+273 -> 400.06 | G10: =C10-D10 -> 807.029 | H10: =Fe20Ni50Cr30!A863-Fe20Ni50Cr30!A3 -> 0.0099537037 | I10: =H10*86400 -> 860 | J10: =G10/I10 -> 0.93840581
B11: Top | C11: =Fe20Ni50Cr30!D4 -> 927.986 | D11: =Fe20Ni50Cr30!D974 -> 127.226 | E11: =C11+273 -> 1200.986 | F11: =D11+273 -> 400.226 | G11: =C11-D11 -> 800.76 | H11: =Fe20Ni50Cr30!A974-Fe20Ni50Cr30!A4 -> 0.011226852 | I11: =H11*86400 -> 970 | J11: =G11/I11 -> 0.82552577
B13: Region | C13: Initial T,ºC | D13: Final T, ºC | E13: Initial T, K | F13: Final T, K | G13: DeltaT, K | H13: Time of cooling | I13: Delta tau, s | J13: Cooling rate, K/s | K13: Note
A14: Fe60Ni20Cr20 | B14: Bottom | C14: =Fe60Ni20Cr20!B2 -> 929.849 | D14: =Fe60Ni20Cr20!B18 -> 824.092 | E14: =C14+273 -> 1202.849 | F14: =D14+273 -> 1097.092 | G14: =C14-D14 -> 105.757 | H14: =Fe60Ni20Cr20!A18-Fe60Ni20Cr20!A2 -> 0.00018518519 | I14: =H14*86400 -> 16 | J14: =G14/I14 -> 6.6098125 | K14: These are the cooling rates for the bottom regions while the rod was cooling in the air after being extracted from the furnace and before contacting water.
A15: Fe34Ni33Cr33 | B15: Bottom | C15: =Fe34Ni33Cr33!B2 -> 926.731 | D15: =Fe34Ni33Cr33!B17 -> 832.484 | E15: =C15+273 -> 1199.731 | F15: =D15+273 -> 1105.484 | G15: =C15-D15 -> 94.247 | H15: =Fe34Ni33Cr33!A17-Fe34Ni33Cr33!A2 -> 0.00017361111 | I15: =H15*86400 -> 15 | J15: =G15/I15 -> 6.2831333
A16: Fe20Ni50Cr30 | B16: Bottom | C16: =Fe20Ni50Cr30!B2 -> 927.282 | D16: =Fe20Ni50Cr30!B17 -> 837.026 | E16: =C16+273 -> 1200.282 | F16: =D16+273 -> 1110.026 | G16: =C16-D16 -> 90.256 | H16: =Fe20Ni50Cr30!A17-Fe20Ni50Cr30!A2 -> 0.00017361111 | I16: =H16*86400 -> 15 | J16: =G16/I16 -> 6.0170667
A18: Alloy | B18: Region | C18: Initial T,ºC | D18: Final T, ºC | E18: Initial T, K | F18: Final T, K | G18: DeltaT, K | H18: Time of cooling | I18: Delta tau, s | J18: Cooling rate, K/s | K18: Note
A19: Fe60Ni20Cr20 | B19: Bottom | C19: =Fe60Ni20Cr20!B18 -> 824.092 | D19: =Fe60Ni20Cr20!B22 -> 129.851 | E19: =C19+273 -> 1097.092 | F19: =D19+273 -> 402.851 | G19: =C19-D19 -> 694.241 | H19: =Fe60Ni20Cr20!A22-Fe60Ni20Cr20!A18 -> 4.6296296e-05 | I19: =H19*86400 -> 4 | J19: =G19/I19 -> 173.56025 | K19: These are the cooling rates for the bottom regions during the first several seconds of water quenching.
A20: Fe34Ni33Cr33 | B20: Bottom | C20: =Fe34Ni33Cr33!B17 -> 832.484 | D20: =Fe34Ni33Cr33!B22 -> 168.563 | E20: =C20+273 -> 1105.484 | F20: =D20+273 -> 441.563 | G20: =C20-D20 -> 663.921 | H20: =Fe34Ni33Cr33!A22-Fe34Ni33Cr33!A17 -> 5.787037e-05 | I20: =H20*86400 -> 5 | J20: =G20/I20 -> 132.7842
A21: Fe20Ni50Cr30 | B21: Bottom | C21: =Fe20Ni50Cr30!B17 -> 837.026 | D21: =Fe20Ni50Cr30!B20 -> 120.056 | E21: =C21+273 -> 1110.026 | F21: =D21+273 -> 393.056 | G21: =C21-D21 -> 716.97 | H21: =Fe20Ni50Cr30!A20-Fe20Ni50Cr30!A17 -> 3.4722222e-05 | I21: =H21*86400 -> 3 | J21: =G21/I21 -> 238.99
A25: Comparison of the cooling rates
A26: Alloy | B26: Bottom | C26: Top | D26: Bottom/top
A27: Fe60Ni20Cr20 | B27: =J19 -> 173.56025 | C27: =J5 -> 0.81622551 | D27: =B27/C27 -> 212.63762
A28: Fe34Ni33Cr33 | B28: =J20 -> 132.7842 | C28: =J8 -> 0.81876025 | D28: =B28/C28 -> 162.17715
A29: Fe20Ni50Cr30 | B29: =J21 -> 238.99 | C29: =J11 -> 0.82552577 | D29: =B29/C29 -> 289.50035
A32: Alloy | B32: Bottom | C32: Middle | D32: Top | E32: Air temperature, K | F32: Water temperature before quenching, K
A33: Fe60Ni20Cr20 | B33: =J19 -> 173.56025 | C33: =J4 -> 1.3658265 | D33: =C27 -> 0.81622551 | E33: 295 | F33: 294
A34: Fe34Ni33Cr33 | B34: =J20 -> 132.7842 | C34: =J7 -> 0.90036404 | D34: =C28 -> 0.81876025 | E34: 292 | F34: 292
A35: Fe20Ni50Cr30 | B35: =J21 -> 238.99 | C35: =J10 -> 0.93840581 | D35: =C29 -> 0.82552577 | E35: 286 | F35: 285
